<?xml version="1.0" encoding="utf-8" ?>
<APPSETTINGS>
    <PROCESSOR_NAME>Fujian Da Qin</PROCESSOR_NAME>
    <DOMAIN>http://htsm.fjhighton.com/index.jsp</DOMAIN>
	<DOMAINNAME>http://htsm.fjhighton.com/main.jsp</DOMAINNAME>
    <LOGINURL>http://htsm.fjhighton.com/data/verify/user</LOGINURL>
    <DATALINK>https://vendor-portal-hasura.prodigymarinesolutions.com/v1/graphql</DATALINK>
    <ORIGIN>@"http://htsm.fjhighton.com"</ORIGIN>
    <REQUIREDDAYS>7</REQUIREDDAYS>
	<USERNAME>13918965973</USERNAME>
    <PASSWORD>gys@965973</PASSWORD>
    <SERVER>SERVER 123</SERVER>
    <BUYERCODE>RapaxTech111</BUYERCODE>
    <SUPPLIERCODE>V00006</SUPPLIERCODE>
    <BUYERSUPPLIERLINKCODE>1234</BUYERSUPPLIERLINKCODE>
    <BUYERSUPPLIERLINKID>5678</BUYERSUPPLIERLINKID>
    <BUYERNAME>PRODIGY</BUYERNAME>
    <CLIENTNAME>SMPL</CLIENTNAME>
	<SUPPLIERNAME>SINWA SINGAPORE PTE LTD</SUPPLIERNAME>
    <LINK_INBOX_PATH>D:\Kalpita\Work\LeS\Projects\JUNIOR_DEVS\Shubham\RapexTech\RapexTech\RapexTech\bin\Debug\MAILTEXT</LINK_INBOX_PATH>
    <AUDITPATH></AUDITPATH>
    <ACTIONS>RFQ</ACTIONS>
	<ENCYRPTURL>eur01.safelinks.protection.outlook.com</ENCYRPTURL>
	<OUTBOX_PATH>D:\Kalpita\Work\LeS\Projects\JUNIOR_DEVS\Shubham\RapexTech\RapexTech\RapexTech\bin\Debug\Quote</OUTBOX_PATH>  
	<SAVE_QUOTE>FALSE</SAVE_QUOTE>
    <SUBMIT_QUOTE>FAlSE</SUBMIT_QUOTE>
</APPSETTINGS>

